{
    "esxi-example": {
        "mac": "54:ab:3a.*",
        "kernel": "http://localhost:$HTTP_PORT/vmware/mboot.efi",
        "cmdline": "-c {{ URL \"http://localhost:$HTTP_PORT/vmware/boot.cfg\" }} rdblacklist=nouveau ip=dhcp nomodeset rw console=tty0 console=ttyS0,115200n8",
        "message": "VMware ESXi"
    },
    "dgx-station-example": {
        "mac": "2c:56:dc.*",
        "kernel": "http://localhost:$HTTP_PORT/iso/install/netboot/ubuntu-installer/amd64/linux",
        "initrd": ["http://localhost:$HTTP_PORT/iso/install/netboot/ubuntu-installer/amd64/initrd.gz"],
        "cmdline": "quiet url={{ URL \"http://localhost:$HTTP_PORT/dgx.seed\" }} ramdisk_size=100000 locale=en_US.UTF-8 auto=true priority=critical kbd-chooser/method=us netcfg/choose_interface=enp1s0f0 netcfg/get_hostname=dgx-server netcfg/dhcp_timeout=120",
        "message": "DGX Station 4.1.0"
    },
    "dgx-1-example": {
        "mac": "d8:c4:97.*",
        "kernel": "http://localhost:$HTTP_PORT/iso/install/netboot/ubuntu-installer/amd64/linux",
        "initrd": ["http://localhost:$HTTP_PORT/iso/install/netboot/ubuntu-installer/amd64/initrd.gz"],
        "cmdline": "quiet url={{ URL \"http://localhost:$HTTP_PORT/dgx.seed\" }} ramdisk_size=100000 locale=en_US.UTF-8 auto=true priority=critical kbd-chooser/method=us netcfg/choose_interface=enp1s0f0 netcfg/get_hostname=dgx-server netcfg/dhcp_timeout=120",
        "message": "DGX-1 Server 4.1.0"
    },
    "dgx-2-example": {
        "mac": "5c:ff:35.*",
        "kernel": "http://localhost:$HTTP_PORT/iso/install/netboot/ubuntu-installer/amd64/linux",
        "initrd": ["http://localhost:$HTTP_PORT/iso/install/netboot/ubuntu-installer/amd64/initrd.gz"],
        "cmdline": "quiet url={{ URL \"http://localhost:$HTTP_PORT/dgx.seed\" }} ramdisk_size=100000 locale=en_US.UTF-8 auto=true priority=critical kbd-chooser/method=us netcfg/choose_interface=enp1s0f0 netcfg/get_hostname=dgx-server netcfg/dhcp_timeout=120",
        "message": "DGX-2 Server 4.1.0"
    },
    "64-bit-ubuntu-example": {
        "mac": "2c:56:dc:47:f5:1f",
        "kernel": "http://archive.ubuntu.com/ubuntu/dists/xenial-updates/main/installer-amd64/current/images/netboot/ubuntu-installer/amd64/linux",
        "initrd": ["http://archive.ubuntu.com/ubuntu/dists/xenial-updates/main/installer-amd64/current/images/netboot/ubuntu-installer/amd64/initrd.gz"],
        "cmdline": "locale=en_US.UTF-8 priority=critical kbd-chooser/method=us",
        "message": "Ubuntu 16.04"
    },
    "64-bit-coreos-example": {
        "mac": "2c:56:dc:47:f5:1f",
        "kernel": "https://alpha.release.core-os.net/amd64-usr/current/coreos_production_pxe.vmlinuz",
        "initrd": ["https://alpha.release.core-os.net/amd64-usr/current/coreos_production_pxe_image.cpio.gz"],
        "cmdline": "coreos.autologin",
        "message": "CoreOS Alpha"
    },
    "32-bit-ubuntu-example": {
        "mac": "00:24:e8:de:bf:53",
        "kernel": "http://archive.ubuntu.com/ubuntu/dists/xenial-updates/main/installer-i386/current/images/netboot/ubuntu-installer/i386/linux",
        "initrd": ["http://archive.ubuntu.com/ubuntu/dists/xenial-updates/main/installer-i386/current/images/netboot/ubuntu-installer/i386/initrd.gz"],
        "cmdline": "locale=en_US.UTF-8 priority=critical kbd-chooser/method=us",
        "message": "all your netbooks are belong to us"
    }
}
