{
  "__inputs": [
    {
      "name": "DS_PROMETHEUS",
      "label": "prometheus",
      "description": "",
      "type": "datasource",
      "pluginId": "prometheus",
      "pluginName": "Prometheus"
    }
  ],
  "__requires": [
    {
      "type": "grafana",
      "id": "grafana",
      "name": "Grafana",
      "version": "4.6.4"
    },
    {
      "type": "panel",
      "id": "graph",
      "name": "Graph",
      "version": ""
    },
    {
      "type": "datasource",
      "id": "prometheus",
      "name": "Prometheus",
      "version": "1.0.0"
    },
    {
      "type": "panel",
      "id": "singlestat",
      "name": "Singlestat",
      "version": ""
    }
  ],
  "annotations": {
    "list": [
      {
        "builtIn": 1,
        "datasource": "-- Grafana --",
        "enable": true,
        "hide": true,
        "iconColor": "rgba(0, 211, 255, 1)",
        "name": "Annotations & Alerts",
        "type": "dashboard"
      }
    ]
  },
  "editable": true,
  "gnetId": 4323,
  "graphTooltip": 0,
  "hideControls": false,
  "id": null,
  "links": [],
  "refresh": "30s",
  "rows": [
    {
      "collapse": false,
      "height": 300,
      "panels": [
        {
          "aliasColors": {
            "Total Nodes": "#052b51"
          },
          "bars": false,
          "dashLength": 10,
          "dashes": false,
          "datasource": "Prometheus",
          "fill": 1,
          "id": 1,
          "legend": {
            "alignAsTable": true,
            "avg": true,
            "current": true,
            "max": true,
            "min": true,
            "show": true,
            "total": false,
            "values": true
          },
          "lines": true,
          "linewidth": 2,
          "links": [],
          "nullPointMode": "null",
          "percentage": false,
          "pointradius": 5,
          "points": false,
          "renderer": "flot",
          "seriesOverrides": [],
          "spaceLength": 10,
          "span": 6,
          "stack": false,
          "steppedLine": false,
          "targets": [
            {
              "expr": "slurm_nodes_alloc",
              "format": "time_series",
              "intervalFactor": 2,
              "legendFormat": "Allocated Nodes",
              "refId": "A"
            },
            {
              "expr": "slurm_nodes_comp",
              "format": "time_series",
              "intervalFactor": 2,
              "legendFormat": "Completing Nodes",
              "refId": "B"
            },
            {
              "expr": "slurm_nodes_idle",
              "format": "time_series",
              "intervalFactor": 2,
              "legendFormat": "Idle Nodes",
              "refId": "C"
            },
            {
              "expr": "slurm_nodes_alloc + slurm_nodes_down + slurm_nodes_drain + slurm_nodes_idle + slurm_nodes_mix + slurm_nodes_comp + slurm_nodes_maint",
              "format": "time_series",
              "instant": false,
              "intervalFactor": 2,
              "legendFormat": "Total Nodes",
              "refId": "D"
            }
          ],
          "thresholds": [],
          "timeFrom": null,
          "timeShift": null,
          "title": "Nodes",
          "tooltip": {
            "shared": true,
            "sort": 0,
            "value_type": "individual"
          },
          "type": "graph",
          "xaxis": {
            "buckets": null,
            "mode": "time",
            "name": null,
            "show": true,
            "values": []
          },
          "yaxes": [
            {
              "format": "short",
              "label": null,
              "logBase": 1,
              "max": null,
              "min": null,
              "show": true
            },
            {
              "format": "short",
              "label": null,
              "logBase": 1,
              "max": null,
              "min": null,
              "show": true
            }
          ]
        },
        {
          "aliasColors": {
            "Down Nodes": "#e24d42",
            "Draining Nodes": "#cca300",
            "Nodes in *fail* state": "#6d1f62",
            "Nodes in maint state": "#508642"
          },
          "bars": false,
          "dashLength": 10,
          "dashes": false,
          "datasource": "Prometheus",
          "fill": 1,
          "id": 5,
          "legend": {
            "alignAsTable": true,
            "avg": true,
            "current": true,
            "max": true,
            "min": true,
            "show": true,
            "total": false,
            "values": true
          },
          "lines": true,
          "linewidth": 1,
          "links": [],
          "nullPointMode": "null",
          "percentage": false,
          "pointradius": 5,
          "points": false,
          "renderer": "flot",
          "seriesOverrides": [],
          "spaceLength": 10,
          "span": 6,
          "stack": true,
          "steppedLine": false,
          "targets": [
            {
              "expr": "slurm_nodes_down",
              "format": "time_series",
              "intervalFactor": 2,
              "legendFormat": "Down Nodes",
              "refId": "A"
            },
            {
              "expr": "slurm_nodes_drain",
              "format": "time_series",
              "intervalFactor": 2,
              "legendFormat": "Draining Nodes",
              "refId": "B"
            },
            {
              "expr": "slurm_nodes_err",
              "format": "time_series",
              "intervalFactor": 2,
              "legendFormat": "Nodes in *error* state",
              "refId": "C"
            },
            {
              "expr": "slurm_nodes_fail",
              "format": "time_series",
              "intervalFactor": 2,
              "legendFormat": "Nodes in *fail* state",
              "refId": "D"
            },
            {
              "expr": "slurm_nodes_maint",
              "format": "time_series",
              "intervalFactor": 2,
              "legendFormat": "Nodes in maint state",
              "refId": "E"
            }
          ],
          "thresholds": [],
          "timeFrom": null,
          "timeShift": null,
          "title": "Fail/Down/Drain/Err Nodes",
          "tooltip": {
            "shared": true,
            "sort": 0,
            "value_type": "individual"
          },
          "type": "graph",
          "xaxis": {
            "buckets": null,
            "mode": "time",
            "name": null,
            "show": true,
            "values": []
          },
          "yaxes": [
            {
              "format": "short",
              "label": null,
              "logBase": 1,
              "max": null,
              "min": "0",
              "show": true
            },
            {
              "format": "short",
              "label": null,
              "logBase": 1,
              "max": null,
              "min": null,
              "show": true
            }
          ]
        }
      ],
      "repeat": null,
      "repeatIteration": null,
      "repeatRowId": null,
      "showTitle": true,
      "title": "Cluster Nodes",
      "titleSize": "h6"
    },
    {
      "collapse": false,
      "height": 358,
      "panels": [
        {
          "aliasColors": {},
          "bars": false,
          "dashLength": 10,
          "dashes": false,
          "datasource": "Prometheus",
          "fill": 1,
          "id": 2,
          "legend": {
            "alignAsTable": true,
            "avg": true,
            "current": true,
            "max": true,
            "min": true,
            "rightSide": false,
            "show": true,
            "total": false,
            "values": true
          },
          "lines": true,
          "linewidth": 1,
          "links": [],
          "nullPointMode": "null",
          "percentage": false,
          "pointradius": 5,
          "points": false,
          "renderer": "flot",
          "seriesOverrides": [],
          "spaceLength": 10,
          "span": 6,
          "stack": false,
          "steppedLine": false,
          "targets": [
            {
              "expr": "slurm_queue_completing",
              "format": "time_series",
              "intervalFactor": 2,
              "legendFormat": "Completing Jobs",
              "refId": "A"
            },
            {
              "expr": "slurm_queue_running",
              "format": "time_series",
              "intervalFactor": 2,
              "legendFormat": "Running Jobs",
              "refId": "B"
            },
            {
              "expr": "slurm_queue_pending",
              "format": "time_series",
              "intervalFactor": 2,
              "legendFormat": "Pending Jobs",
              "refId": "C"
            },
            {
              "expr": "slurm_queue_completed",
              "format": "time_series",
              "intervalFactor": 2,
              "legendFormat": "Completed Jobs",
              "refId": "D"
            }
          ],
          "thresholds": [],
          "timeFrom": null,
          "timeShift": null,
          "title": "RUNNING/COMPL/PEND Jobs",
          "tooltip": {
            "shared": true,
            "sort": 0,
            "value_type": "individual"
          },
          "transparent": false,
          "type": "graph",
          "xaxis": {
            "buckets": null,
            "mode": "time",
            "name": null,
            "show": true,
            "values": []
          },
          "yaxes": [
            {
              "format": "short",
              "label": null,
              "logBase": 1,
              "max": null,
              "min": "0",
              "show": true
            },
            {
              "format": "short",
              "label": null,
              "logBase": 1,
              "max": null,
              "min": null,
              "show": true
            }
          ]
        },
        {
          "aliasColors": {
            "Timed out Jobs": "#890f02"
          },
          "bars": false,
          "dashLength": 10,
          "dashes": false,
          "datasource": "Prometheus",
          "fill": 1,
          "id": 6,
          "legend": {
            "alignAsTable": true,
            "avg": true,
            "current": true,
            "hideZero": false,
            "max": true,
            "min": true,
            "show": true,
            "total": false,
            "values": true
          },
          "lines": true,
          "linewidth": 2,
          "links": [],
          "nullPointMode": "null",
          "percentage": false,
          "pointradius": 5,
          "points": false,
          "renderer": "flot",
          "seriesOverrides": [],
          "spaceLength": 10,
          "span": 6,
          "stack": false,
          "steppedLine": false,
          "targets": [
            {
              "expr": "slurm_queue_timeout",
              "format": "time_series",
              "intervalFactor": 2,
              "legendFormat": "Timed out Jobs",
              "refId": "A"
            },
            {
              "expr": "slurm_queue_failed",
              "format": "time_series",
              "instant": false,
              "intervalFactor": 2,
              "legendFormat": "Failed Jobs",
              "refId": "B"
            },
            {
              "expr": "slurm_queue_node_fail",
              "format": "time_series",
              "intervalFactor": 2,
              "legendFormat": "Failed jobs (due to NodeFail)",
              "refId": "C"
            },
            {
              "expr": "slurm_queue_suspended",
              "format": "time_series",
              "intervalFactor": 2,
              "legendFormat": "Suspended Jobs",
              "refId": "D"
            },
            {
              "expr": "slurm_queue_cancelled",
              "format": "time_series",
              "intervalFactor": 2,
              "legendFormat": "Cancelled Jobs",
              "refId": "E"
            },
            {
              "expr": "slurm_queue_preempted",
              "format": "time_series",
              "intervalFactor": 2,
              "legendFormat": "Preempted Jobs",
              "refId": "F"
            }
          ],
          "thresholds": [],
          "timeFrom": null,
          "timeShift": null,
          "title": "FAIL/SUSP/CANC/PREEMPT/TIMEDOUT Jobs",
          "tooltip": {
            "shared": true,
            "sort": 0,
            "value_type": "individual"
          },
          "type": "graph",
          "xaxis": {
            "buckets": null,
            "mode": "time",
            "name": null,
            "show": true,
            "values": []
          },
          "yaxes": [
            {
              "format": "short",
              "label": null,
              "logBase": 1,
              "max": null,
              "min": "0",
              "show": true
            },
            {
              "format": "short",
              "label": null,
              "logBase": 1,
              "max": null,
              "min": null,
              "show": true
            }
          ]
        }
      ],
      "repeat": null,
      "repeatIteration": null,
      "repeatRowId": null,
      "showTitle": true,
      "title": "SLURM Jobs",
      "titleSize": "h6"
    },
    {
      "collapse": false,
      "height": 151,
      "panels": [
        {
          "cacheTimeout": null,
          "colorBackground": false,
          "colorValue": false,
          "colors": [
            "#299c46",
            "rgba(237, 129, 40, 0.89)",
            "#d44a3a"
          ],
          "datasource": "Prometheus",
          "description": "The number of current active slurmctld threads.",
          "format": "none",
          "gauge": {
            "maxValue": 100,
            "minValue": 0,
            "show": false,
            "thresholdLabels": false,
            "thresholdMarkers": true
          },
          "id": 7,
          "interval": null,
          "links": [],
          "mappingType": 1,
          "mappingTypes": [
            {
              "name": "value to text",
              "value": 1
            },
            {
              "name": "range to text",
              "value": 2
            }
          ],
          "maxDataPoints": 100,
          "nullPointMode": "connected",
          "nullText": null,
          "postfix": "",
          "postfixFontSize": "50%",
          "prefix": "",
          "prefixFontSize": "50%",
          "rangeMaps": [
            {
              "from": "null",
              "text": "N/A",
              "to": "null"
            }
          ],
          "span": 4,
          "sparkline": {
            "fillColor": "rgba(31, 118, 189, 0.18)",
            "full": false,
            "lineColor": "rgb(31, 120, 193)",
            "show": false
          },
          "tableColumn": "",
          "targets": [
            {
              "expr": "slurm_scheduler_threads",
              "format": "time_series",
              "intervalFactor": 2,
              "legendFormat": "Slurm Scheduler Threads",
              "refId": "A"
            }
          ],
          "thresholds": "",
          "title": "Slurm Scheduler Threads",
          "type": "singlestat",
          "valueFontSize": "80%",
          "valueMaps": [
            {
              "op": "=",
              "text": "N/A",
              "value": "null"
            }
          ],
          "valueName": "current"
        },
        {
          "cacheTimeout": null,
          "colorBackground": false,
          "colorValue": false,
          "colors": [
            "#299c46",
            "rgba(237, 129, 40, 0.89)",
            "#d44a3a"
          ],
          "datasource": "Prometheus",
          "description": "The agent mechanism helps to control communication between the Slrum daemons and the controller for a best effort.",
          "format": "none",
          "gauge": {
            "maxValue": 100,
            "minValue": 0,
            "show": false,
            "thresholdLabels": false,
            "thresholdMarkers": true
          },
          "id": 8,
          "interval": null,
          "links": [],
          "mappingType": 1,
          "mappingTypes": [
            {
              "name": "value to text",
              "value": 1
            },
            {
              "name": "range to text",
              "value": 2
            }
          ],
          "maxDataPoints": 100,
          "nullPointMode": "connected",
          "nullText": null,
          "postfix": "",
          "postfixFontSize": "50%",
          "prefix": "",
          "prefixFontSize": "50%",
          "rangeMaps": [
            {
              "from": "null",
              "text": "N/A",
              "to": "null"
            }
          ],
          "span": 4,
          "sparkline": {
            "fillColor": "rgba(31, 118, 189, 0.18)",
            "full": false,
            "lineColor": "rgb(31, 120, 193)",
            "show": false
          },
          "tableColumn": "",
          "targets": [
            {
              "expr": "slurm_scheduler_queue_size",
              "format": "time_series",
              "intervalFactor": 2,
              "legendFormat": "Agent Queue Size",
              "refId": "A"
            }
          ],
          "thresholds": "",
          "title": "Agent Queue Size",
          "type": "singlestat",
          "valueFontSize": "80%",
          "valueMaps": [
            {
              "op": "=",
              "text": "N/A",
              "value": "null"
            }
          ],
          "valueName": "current"
        },
        {
          "aliasColors": {},
          "bars": false,
          "dashLength": 10,
          "dashes": false,
          "datasource": "Prometheus",
          "fill": 1,
          "id": 9,
          "legend": {
            "avg": false,
            "current": false,
            "max": false,
            "min": false,
            "show": true,
            "total": false,
            "values": false
          },
          "lines": true,
          "linewidth": 2,
          "links": [],
          "nullPointMode": "null",
          "percentage": false,
          "pointradius": 5,
          "points": false,
          "renderer": "flot",
          "seriesOverrides": [],
          "spaceLength": 10,
          "span": 4,
          "stack": false,
          "steppedLine": false,
          "targets": [
            {
              "expr": "slurm_scheduler_backfill_depth_mean",
              "format": "time_series",
              "intervalFactor": 2,
              "legendFormat": "Mean of processed jobs during backfilling scheduling cycles",
              "refId": "A"
            }
          ],
          "thresholds": [],
          "timeFrom": null,
          "timeShift": null,
          "title": "Scheduler Backfill Depth Mean",
          "tooltip": {
            "shared": true,
            "sort": 0,
            "value_type": "individual"
          },
          "type": "graph",
          "xaxis": {
            "buckets": null,
            "mode": "time",
            "name": null,
            "show": true,
            "values": []
          },
          "yaxes": [
            {
              "format": "short",
              "label": null,
              "logBase": 1,
              "max": null,
              "min": null,
              "show": true
            },
            {
              "format": "short",
              "label": null,
              "logBase": 1,
              "max": null,
              "min": null,
              "show": true
            }
          ]
        }
      ],
      "repeat": null,
      "repeatIteration": null,
      "repeatRowId": null,
      "showTitle": true,
      "title": "SLURM Scheduler Details",
      "titleSize": "h6"
    },
    {
      "collapse": false,
      "height": 250,
      "panels": [
        {
          "aliasColors": {},
          "bars": false,
          "dashLength": 10,
          "dashes": false,
          "datasource": "Prometheus",
          "fill": 1,
          "id": 4,
          "legend": {
            "alignAsTable": true,
            "avg": true,
            "current": false,
            "max": false,
            "min": true,
            "show": true,
            "total": false,
            "values": true
          },
          "lines": true,
          "linewidth": 1,
          "links": [],
          "nullPointMode": "null",
          "percentage": false,
          "pointradius": 5,
          "points": false,
          "renderer": "flot",
          "seriesOverrides": [],
          "spaceLength": 10,
          "span": 6,
          "stack": false,
          "steppedLine": false,
          "targets": [
            {
              "expr": "slurm_scheduler_last_cycle",
              "format": "time_series",
              "intervalFactor": 2,
              "legendFormat": "Scheduler Last Cycle Time",
              "refId": "A"
            },
            {
              "expr": "slurm_scheduler_mean_cycle",
              "format": "time_series",
              "intervalFactor": 2,
              "legendFormat": "Scheduler Mean Cycle Time",
              "refId": "B"
            }
          ],
          "thresholds": [],
          "timeFrom": null,
          "timeShift": null,
          "title": "Scheduler Cycles",
          "tooltip": {
            "shared": true,
            "sort": 0,
            "value_type": "individual"
          },
          "type": "graph",
          "xaxis": {
            "buckets": null,
            "mode": "time",
            "name": null,
            "show": true,
            "values": []
          },
          "yaxes": [
            {
              "format": "µs",
              "label": null,
              "logBase": 1,
              "max": null,
              "min": null,
              "show": true
            },
            {
              "format": "short",
              "label": null,
              "logBase": 1,
              "max": null,
              "min": null,
              "show": true
            }
          ]
        },
        {
          "aliasColors": {},
          "bars": false,
          "dashLength": 10,
          "dashes": false,
          "datasource": "Prometheus",
          "fill": 1,
          "id": 3,
          "legend": {
            "alignAsTable": true,
            "avg": true,
            "current": false,
            "max": false,
            "min": true,
            "show": true,
            "total": true,
            "values": true
          },
          "lines": true,
          "linewidth": 1,
          "links": [],
          "nullPointMode": "null",
          "percentage": false,
          "pointradius": 5,
          "points": false,
          "renderer": "flot",
          "seriesOverrides": [],
          "spaceLength": 10,
          "span": 6,
          "stack": false,
          "steppedLine": false,
          "targets": [
            {
              "expr": "slurm_scheduler_backfill_last_cycle",
              "format": "time_series",
              "intervalFactor": 2,
              "legendFormat": "Scheduler Backfill Last Cycle",
              "refId": "A"
            },
            {
              "expr": "slurm_scheduler_backfill_mean_cycle",
              "format": "time_series",
              "intervalFactor": 2,
              "legendFormat": "Scheduler Backfill Mean Cycle",
              "refId": "B"
            }
          ],
          "thresholds": [],
          "timeFrom": null,
          "timeShift": null,
          "title": "Backfill Scheduler Cycles",
          "tooltip": {
            "shared": true,
            "sort": 0,
            "value_type": "individual"
          },
          "type": "graph",
          "xaxis": {
            "buckets": null,
            "mode": "time",
            "name": null,
            "show": true,
            "values": []
          },
          "yaxes": [
            {
              "format": "µs",
              "label": null,
              "logBase": 1,
              "max": null,
              "min": null,
              "show": true
            },
            {
              "format": "short",
              "label": null,
              "logBase": 1,
              "max": null,
              "min": null,
              "show": true
            }
          ]
        }
      ],
      "repeat": null,
      "repeatIteration": null,
      "repeatRowId": null,
      "showTitle": true,
      "title": "SLURM Scheduler Cycles",
      "titleSize": "h6"
    }
  ],
  "schemaVersion": 14,
  "style": "dark",
  "tags": [],
  "templating": {
    "list": []
  },
  "time": {
    "from": "now-24h",
    "to": "now"
  },
  "timepicker": {
    "refresh_intervals": [
      "5s",
      "10s",
      "30s",
      "1m",
      "5m",
      "15m",
      "30m",
      "1h",
      "2h",
      "1d"
    ],
    "time_options": [
      "5m",
      "15m",
      "1h",
      "6h",
      "12h",
      "24h",
      "2d",
      "7d",
      "30d"
    ]
  },
  "timezone": "",
  "title": "SLURM Dashboard",
  "version": 18
}
